id,cty,state,pop18,pop65,hsgrad,bagrad,poverty,unemp,pcincome,region,crime_per1k,per_area,per_doc,per_bed
374,Ector,TX,27.1,9.3,66.9,11.4,16.6,6.6,14766,South,123.11870449156676,7.575630181445171,1.2864277666605008,3.2707215766727766
239,Leon,FL,38.5,8.2,84.9,37.1,9.4,3.9,16422,South,121.37064724431538,3.465061067155689,2.1455325648205386,4.275480147330033
143,Pulaski,AR,28.5,11.5,79,23.5,10.5,5.8,18225,South,121.27209289023622,2.2049991420236803,4.318480809929646,7.964880169307327
50,Baltimor,MD,30,13.7,60.7,15.5,17.8,9.4,17263,South,118.68660107008834,0.11005225444081226,7.396598434268913,8.42782881847356
282,Wyandott,KS,27.4,13,69.9,10.3,13.9,7.4,14134,North Central,116.68405424925768,0.9321390430450698,3.0495144851938045,6.290395263992888
10,Dallas,TX,32.6,8.2,77.1,26.3,10.4,6.1,21001,South,115.63948812884215,0.4749542586665659,2.5464024913509746,3.7424236699931455
89,Mecklenb,NC,32,9.4,81.6,28.3,7.2,4.8,20942,South,113.40488392418949,1.030438004587111,2.178193429051313,3.9516417595266633
192,Hinds,MS,29.5,11.2,75.2,26.4,16.7,6.3,16215,South,113.350442735251,3.415330076520686,4.2288782075215865,8.324130151980222
24,Tarrant,TX,32.2,8.3,79.9,24,8.2,6.6,18825,South,113.23362131367922,0.7383965343221922,1.4332071621045326,3.1381852708693163
22,Bexar,TX,29.5,9.9,72.7,19.7,16.2,6.7,15508,South,112.28165487593155,1.0519709058760212,2.583107388766942,3.4469551895825354
215,Atlantic,NJ,29,14.5,72.9,16.4,6.4,8.3,24035,Northeast,112.18890280706292,2.500813544513144,1.689497920446491,4.413200372670254
129,East_Bat,LA,31.5,9.2,80.5,27.5,15.1,5.4,17881,South,109.4223964430881,1.199668512647821,2.212546533194775,4.935478354665158
95,Orleans,LA,28.3,13,68.1,22.4,27.3,6.1,16578,South,109.14440030748302,0.36423054787518766,5.030808672309222,8.085515698135382
38,Hillsbor,FL,29.4,12.2,75.6,20.2,9.5,6,16876,South,107.78079117179463,1.260110256650049,2.412313830998952,3.678418903332398
73,District,DC,33.6,12.8,73.1,33.3,13.3,7.7,23603,South,106.10149942329873,0.10051079255231504,6.053715603888614,7.022573735376503
79,Travis,TX,38,7.3,83.4,34.7,10.2,4.8,18340,South,105.76033948234493,1.7158015083092328,2.1755460985033146,2.41496026245344
84,De_Kalb,GA,32.6,8.5,83.9,32.7,7.2,4.4,21005,South,104.33517698507063,0.49098906816503823,1.8980025172349988,1.6891489583886765
67,Suffolk,MA,39.2,12.1,75.4,27.7,14.4,8.7,23150,Northeast,103.64117811858908,0.08886800239792983,8.546390603489048,9.269384521302715
60,Duval,FL,30.7,10.7,76.9,18.4,9.8,6.6,17662,South,101.91523854668328,1.1501238537767602,2.2853882262385747,3.8976419489101315
259,Alachua,FL,40.1,9.3,82.7,34.6,14.4,4.2,16058,South,100.32159298662967,4.8128813409987,6.497940483270557,6.035375228529263
78,Multnoma,OR,28.4,13.6,82.9,23.7,8.9,5.1,19215,West,99.70422359120857,0.7450071674827492,4.403249258846318,5.153394406794465
369,New_Hano,NC,29,12.5,78.1,21.2,9.9,5.9,17119,South,98.86601709288018,1.6544178776894682,2.469156330018955,4.60576635296465
53,San_Fran,CA,32.2,14.5,78,35,9.7,5.6,28532,West,98.39507485921165,0.06492080352616654,6.576339267831466,5.027909039047792
163,Nueces,TX,27.3,10.1,68.9,17,17.2,7.7,15124,South,98.25344759484106,2.8714214566624876,2.0058733620704463,4.829208813477821
71,Jackson,MO,28.1,13.1,79.5,20,9.8,6.5,18611,North Central,97.5313944968037,0.9554160244586503,2.6767440685246484,5.940950552088334
47,Essex,NJ,28.6,12.7,70.1,24,11.3,7.9,24523,Northeast,97.14008887107013,0.16191085650843093,3.6121541082952326,6.220717907597731
187,Norfolk_,VA,41.7,10.5,72.7,16.8,15.1,6.4,16412,South,96.44411608205827,0.2067151809332042,4.214692855693664,5.631074650976729
160,Charlest,SC,34.1,10.1,75.5,22.4,13.8,4.9,16015,South,95.54669043753537,3.1080636797169188,4.599391944793739,6.629632014750592
74,Oklahoma,OK,28.4,12.1,79.1,22.6,11.3,6,17741,South,95.13668028104888,1.182433277574961,3.205411508461319,5.8154370083270654
243,Richmond,GA,31.1,10,70.9,17.3,14.8,4.9,15941,South,94.44494225670597,1.707788887776132,5.4396238647684205,9.419193649555394
64,Fresno,CA,28.3,10.4,66.2,16.9,16.8,12.6,16365,West,92.89127927010142,8.933467168047462,1.7798019445984208,2.5183897886110653
107,Jefferso,LA,28.1,10.2,76,18.8,11.4,5.6,17101,South,92.849526885654,0.6825694949431861,2.7592760302115074,3.6760605479293162
119,Polk,FL,23.9,18.6,68,12.9,9.4,10.1,14835,South,91.98731073407303,4.625267032083319,1.3789462778317734,3.177250099905768
176,Cumberla,NC,37.4,6.2,80.3,16.6,12.1,6.4,12923,South,91.95239031781065,2.378298842536949,1.0598544612224383,2.134277368647247
8,Wayne,MI,27.4,12.5,70,13.7,16.9,10,17461,North Central,91.85925755095334,0.29076278823518825,1.810400878539291,4.494037231843545
337,Webb,TX,28.5,7.9,47.8,11.1,33.1,9.8,8973,South,91.57979270333762,25.195325692927746,0.8030681707307921,2.8670284226089957
76,El_Paso,TX,29.5,8.1,63.7,15.2,22.4,10.8,11545,South,91.2797281993205,1.7122766687513733,1.3437906729095181,2.7889995098122076
202,Jefferso,TX,25.8,14,74.4,15.5,15.5,6.7,17418,South,90.54833602760269,3.7761542542304203,1.8755456417582508,7.201426918465979
3,Harris,TX,31.3,7.1,74.9,25.4,12.5,5.7,19517,South,89.96029024210142,0.6135123885857598,2.6800804343483193,4.417360165126736
411,Osceola,FL,27.1,13.9,73.7,11.2,6.9,6.7,16451,South,89.71669389573742,12.271647111243132,0.9096984999257388,2.701247586514184
196,Caddo,LA,25.2,13.3,73.4,18.2,19.1,7.1,16337,South,88.98583300101107,3.552827156167297,3.6172775354174975,7.524581777460897
90,Davidson,TN,32.1,11.6,75.9,24.4,10,4.6,19505,South,88.56385478010274,0.9828029069038967,4.489177421375767,7.531559328404962
34,Palm_Bea,FL,23.3,24.4,78.8,22.1,6.2,8.4,26798,South,88.17650587480516,2.285997512501187,2.122711975893959,3.6640811193281437
361,Wichita,TX,29.5,12.8,75.1,16.5,12.5,6.8,17119,South,87.65464380852768,5.131641308078249,1.9856510157054372,3.734331334063312
423,Gregg,TX,26.4,13.3,75.8,17.7,13.4,8.2,16775,South,87.48141936959256,2.610816785455654,1.5817357167359074,4.001981933910127
244,McLennan,TX,30,13.6,71.6,16.6,13.9,6.4,14925,South,87.17078303537909,5.5096418732782375,1.5915568175208727,2.9610359395737165
317,Horry,SC,28.2,12.7,74.3,16,11.6,7.7,14693,South,86.48900057617682,7.872102628893532,1.2148306526070267,3.5056541689517053
222,Chatham,GA,28.5,12.8,73.7,18.6,13.6,4.3,17776,South,86.34844538686704,2.0282573120980936,2.2771798004010417,5.125959388757001
286,Shawnee,KS,26.2,13.1,84.4,22.3,7.4,4.7,19558,North Central,86.00660968094623,3.416658383858463,2.80165987476394,4.106202166782626
30,Franklin,OH,33.5,9.6,81,26.6,9.1,4.2,19040,North Central,85.99627432686698,0.5616592662857786,2.7822935876193653,4.171880216800477
99,Bernalil,NM,29.2,10.5,82.1,26.7,10.9,5.2,17518,West,85.89674495450261,2.42625011184472,3.2981187197889206,3.591516031770143
98,San_Joaq,CA,27.7,11.1,68.6,13.2,12,12,15453,West,85.67748861905673,2.910775069284353,1.3856870594305783,2.186722371563871
2,Cook,IL,29.2,12.4,73.4,22.8,11.1,7.2,21729,North Central,85.58869060876184,0.18530608902880216,2.9682274493165317,4.221296214133918
65,Pima,AZ,28.9,13.7,80.5,23.3,12,3.9,15191,West,85.54912428023033,13.776091650671784,2.7606166026871404,3.0230326295585415
21,Broward,FL,25.3,20.7,76.8,18.8,7.1,7.4,22355,South,85.53327471071009,0.962972166998012,1.9562114492531988,4.415016312382117
220,Galvesto,TX,26.9,10.5,75.8,19.3,12.5,7,17744,South,85.49257356289587,1.8353350291399684,4.369845307476115,7.322940767896816
68,Jefferso,AL,26.7,14,73.8,19.9,12.7,5.3,18624,South,85.3443843290741,1.7082997582594681,3.8862668355013237,7.063428110970415
258,Durham,NC,33.7,10.7,78.9,33.4,8.7,3.6,19238,South,85.11562680452057,1.6003519674430116,10.691011081474965,8.227238980394313
257,Clayton,GA,32.4,5.8,77.2,14.7,7.3,5.8,16171,South,84.69558148221387,0.7854898600399886,1.0491507920813834,1.9005558851317208
302,Bibb,GA,27.5,12.9,68.2,17,15.9,4.1,17548,South,84.6919655657578,1.6670334140177505,2.920642541359099,6.734814992631713
120,Sedgwick,KS,28.5,11.4,82.4,22.2,8.3,4.5,19276,North Central,84.40477429136257,2.4773201341716584,2.3039077247796427,4.558269046875852
166,Richland,SC,34.7,9.5,79.4,28,10.1,4.6,17137,South,84.35181296374073,2.6494470110597788,3.496430071398572,4.224415511689767
20,Alameda,CA,30.8,10.6,81.4,28.8,8.1,5.3,22148,West,83.91143715280546,0.5769311950918634,2.477364440712893,2.5672656432001077
7,Maricopa,AZ,29.2,12.5,81.5,22.1,8.8,4.9,18042,West,83.68734570126493,4.3372110940996675,2.0357183753270935,2.876394667360319
230,Montgome,AL,28.4,11.6,75.3,24.2,14.1,5.9,17469,South,83.16235024033287,3.7783676495205296,2.003969677403927,5.270583733888131
12,King,WA,30.1,11.1,88.2,32.8,5,4.6,23779,West,82.90149596734334,1.4104512714296045,3.5029081435316614,2.659689156708036
104,Lucas,OH,27.8,13,76.2,17,12,8.8,17815,North Central,82.60644820821825,0.7353561394667802,3.008471735289092,6.533855580379833
167,Hamilton,TN,26.3,13.5,72.5,19.7,10.2,5.9,18242,South,82.41342597781015,1.901686652471142,2.584612798386193,5.508937577048078
298,Tuscaloo,AL,33.3,11.4,69.6,20,13.5,5.4,15113,South,82.22718273740716,8.802699937550658,1.9864205896812426,4.856432946678891
23,Riversid,CA,27.9,13.2,74.1,14.6,8.4,10.7,17185,West,81.59000284514953,6.15850985934025,1.183342973804973,2.080462195823184
144,Guilford,NC,30.4,11.9,76.1,24.8,7.3,5.4,20349,South,81.20430602728686,1.8709343158137126,1.945771688446261,3.419492257210293
40,Shelby,TN,29.4,10.4,75.1,20.8,14.7,5.4,18430,South,81.12013360279792,0.9136785545726284,3.012113804412281,5.951617392567134
179,Forsyth,NC,29.2,12.3,77.6,24.1,7.8,4.4,20645,South,81.06725641083506,1.542060644355682,4.490781486245572,6.051647748215347
26,Sacramen,CA,29.7,10.6,82.2,23,9.8,6.3,18934,West,80.96759663432957,0.9277587135847501,2.366457008564,2.7419783926340187
52,Salt_Lak,UT,27.8,8.5,85.3,23.8,7.7,4.5,15399,West,80.73492057369869,1.0152130432147402,2.88447233716644,2.859677446016012
130,Mobile,AL,26.7,11.8,70.1,15.5,17.5,7.2,14389,South,80.31047715130083,3.2563654946744034,2.2448586135224997,5.012637233489065
245,Yakima,WA,25.1,13,66.1,13.7,15.6,11.6,15374,West,80.17561419954137,22.751465658314928,1.2233679159848112,2.743309872208364
102,Denver,CO,30.3,13.8,79.2,29,13.1,5.4,22156,West,80.1223241590214,0.32719574003977675,6.131177690810718,7.809927075982122
229,Manatee,FL,21,28.1,75.6,15.5,6.8,5.8,17997,South,79.90288464717747,3.5001204494891525,1.5209700198859746,4.03860051864133
92,Tulsa,OK,28.2,11.5,81.7,23.7,10,6.1,19295,South,78.46767896912829,1.1324330821451065,2.300627208989532,4.990652460260539
193,Winnebag,IL,26.5,12.7,76.3,16.7,7.7,7.9,18376,North Central,77.78959563169943,2.032319414185906,2.0599969159355194,3.598075227449755
1,Los_Ange,CA,32.1,9.7,70,22.3,11.6,8,20786,West,77.73025524519235,0.45807569396211106,2.6713936467834736,3.125294759298147
59,Orange,FL,33.2,10.6,78.8,21.2,7.8,6.6,17879,South,77.60545896550656,1.3402392061296757,2.0177389810344346,4.323304663825792
297,Smith,TX,26.2,13.7,75.7,19.8,12.6,6.6,17511,South,77.40451658526591,6.139753748950823,2.306538275978296,5.254148794850273
213,Fayette,KY,34.9,9.9,80.2,30.6,10.2,3.8,19320,South,77.11012308866466,1.2646095684353451,5.537658741780038,8.213306354995874
113,Genesee,MI,27.2,10.2,76.8,12.8,14,12.6,16829,North Central,76.97829526156963,1.4867850364378488,1.607586320648424,4.251275963564474
225,Lancaste,NE,33.9,10.8,88.1,27.6,6,2.2,17816,North Central,76.8298219910972,3.927148815068269,1.8208115483451208,3.6416230966902416
31,Milwauke,WI,29.3,13.6,76.3,19.3,12.6,4.9,18431,North Central,76.8090485001694,0.25227385264913604,2.8917672200359648,4.316801751322614
396,Alexandr,VA,38.3,10.3,86.9,48.5,4.7,4.6,31699,South,76.7833211911893,0.13491271147567524,5.86420585880935,5.9541476664598
287,Muskegon,MI,25.8,13,74.2,11.1,12.4,12,14767,North Central,76.61825478195782,3.201600171087475,1.1447764855361895,4.151387255241127
45,Marion,IN,30.6,11.7,76.8,21.4,9.3,5,19148,North Central,76.52676567660906,0.496764133629552,3.6830795362029405,5.838233025030139
228,Saginaw,MI,25.5,12,74.8,13,14.7,8.8,16904,North Central,76.38738169156295,3.817009993111453,1.5805912826852124,5.628792239532711
237,Marion,FL,21.6,22.1,69.6,11.5,10.8,8.6,13802,South,76.27044699819847,8.104376568651102,1.2061611739284412,2.3148029337945832
211,Spartanb,SC,27,12.6,63,14.3,8.8,5.5,15776,South,75.8289241622575,3.575837742504409,1.6534391534391533,3.6684303350970016
283,Berrien,MI,25.2,13.7,74.7,16.7,11.6,9.1,16232,North Central,75.77860674937104,3.53827659284413,1.2331296707110013,4.263282479644065
325,Yolo,CA,36.5,9.6,79.1,30.3,9.8,7.2,19727,West,75.48266379383664,7.172624953930768,2.4026876080855044,1.1907124429450289
51,Prince_G,MD,33.7,6.9,83.2,25.5,3.7,5,19568,South,74.68996308627281,0.6664216721424772,1.7181612246800901,1.8127766472682196
322,Ouachita,LA,28.3,11.2,71.6,18.9,19.6,6.4,13869,South,74.58277950081228,4.29703708392233,1.8847887700346717,7.335204056515532
177,Denton,TX,36.9,5,86.8,32.3,4.5,5.6,17801,South,74.4794808518417,3.250159948816379,0.7896901562928434,1.6744356091764923
191,Washoe,NV,29.5,10.3,82.5,20.7,6.3,5,21327,West,73.94362049264333,24.907035461995466,2.3677979479084454,3.887429466715358
386,Florence,SC,26.2,11.2,64.3,14.8,15.9,5.9,14961,South,73.64619044287414,6.9876862799972015,1.8453088924648429,6.392989575316588
404,Imperial,CA,25.5,10.2,53.2,9.7,20.8,21.3,14523,West,73.57529070565309,38.19657282965701,0.7502081370136227,2.02190241804891
82,Hudson,NJ,31.5,12.7,64.1,19.7,12.4,9,18463,Northeast,73.37022847627641,0.08497574575256871,1.873082395737472,4.4169307845430925
272,Arlingto,VA,37.6,11.3,87.5,52.3,4.3,3.6,30242,South,73.27888800486731,0.15210371133055647,3.5978377872420086,4.568961482660177
36,Pinellas,FL,22.4,26,78.1,18.5,6.2,6.2,21610,South,73.2030073069151,0.3287700828618027,1.9021697651290013,5.234489390706844
181,Adams,CO,29.6,7.6,78.8,13,8.8,5,16116,West,73.08008662908715,4.497468287566311,1.6563662569141029,1.1998279491997375
188,Cameron,TX,25.9,10.6,50,12,33.7,12.5,9728,South,72.43579886206366,3.483007842534215,1.0379824696294018,3.1716131016453946
341,York,SC,28.7,10.6,67.5,16.9,7.6,5.5,16713,South,72.43511258811988,5.194034844901404,0.9201730837965886,2.0989071994037887
291,Clay,MO,28.3,10.4,84.7,20,4.2,5.7,18395,North Central,72.25687858106656,2.587819647874012,0.7039912392201341,4.5172771183291935
333,Calhoun,MI,25.1,13.3,76.8,13.8,11,8.5,15944,North Central,72.14190113397362,5.213925372475768,1.2648732920533599,4.162315600594196
77,Pierce,WA,29.5,10.5,83.2,17.5,8.7,6.4,16194,West,71.61341719506724,2.8590778279879157,1.5608927282869587,2.091425666535313
173,Sarasota,FL,18.2,32.1,81.3,21.9,4.6,5.1,24948,South,71.2840562179598,2.0592131789643453,2.2716145383330453,4.906831403720984
49,Clark,NV,29,10.5,77.3,13.8,7.5,5.8,18625,West,71.19206861067167,10.669504315140824,1.3068827811112955,2.7122200957841227
439,Maui,HI,26.2,11.3,77,17.8,5.7,3.2,18504,West,71.03433159981668,11.546814912228266,1.912845956124096,1.813218562575966
416,Midland,TX,26.8,9,76.8,26.4,11.5,5.4,19345,South,70.78068867190065,8.441905619495174,1.3038054234553658,3.1235050792132144
126,Arapahoe,CO,28.3,7.4,91.5,35.2,4.4,3.9,22507,West,70.46289887129609,2.0510279404665512,1.4891024773250303,1.8952213347773115
360,Pueblo,CO,24.1,15.2,73.9,14,16.7,7,14197,West,70.214788989931,19.41471422418347,2.1048183273602,4.51032498720043
267,Clevelan,OK,33.9,6.7,83.9,25.9,7,4.8,14443,South,69.97870911835089,3.075987213993446,1.245315719098093,1.8306714948953533
128,Hidalgo,TX,26.4,10.1,46.6,11.5,36.3,17.6,8899,South,69.64502209649454,4.090784653691223,0.8108566139566413,2.2422401543495547
4,San_Dieg,CA,33.5,10.9,81.9,25.3,8.1,6.1,19588,West,69.58362156207167,1.683335895366563,2.3638759719713565,2.4735630196123646
430,Sumter,SC,31.6,9.4,69.8,15,16.9,9.4,11803,South,69.54607013065464,6.488888022837768,0.8573906096242095,2.0850180734043278
27,Hennepin,MN,31.6,11.3,88.2,31.6,6.4,4.3,23705,North Central,69.49907548301049,0.5395033663266601,3.5895861321482982,5.225530810291438
132,Volusia,FL,24.3,22.8,75.4,14.8,7.9,6.9,15648,South,69.42316407345864,2.9834480675025357,1.3352683484753662,3.638943438572261
273,Newport_,VA,33.9,9.3,79.3,18.4,12.2,6.5,15327,South,69.2522567555647,0.39989414566732334,2.0818018759740067,4.916345673204152
93,Camden,NJ,27.5,12.2,75.5,21,8,6.9,19930,Northeast,69.23694970804894,0.44150637201088255,2.4959031390705295,4.059074348082033
11,Philadel,PA,29.1,15.2,64.3,15.2,16.1,8,16721,Northeast,68.83803183320646,0.08514250648186748,4.188380633674681,6.618410837190499
133,Stanisla,CA,27.4,10.8,68.4,13,11.4,14.3,15238,West,68.71656743729116,4.034848133174279,1.5059834503754161,3.524756964498734
307,Clark,OH,25.3,13.8,73.4,12.2,10.4,6.5,16676,North Central,68.66240138802287,2.7109821888470194,1.1724997966763357,3.1379618835904246
216,Kalamazo,MI,32.4,10.6,83.4,27.1,8.9,5.9,18288,North Central,68.51050306385987,2.5155431021749153,2.748297979956224,3.5495118861649604
168,Washtena,MI,39.5,7.5,87.2,41.9,6.4,6,22782,North Central,68.44986693150771,2.509392550285046,7.733170281723494,6.114435369004408
253,Peoria,IL,26,14.2,77.9,19.5,11.3,7.2,18342,North Central,68.27766139574571,3.3911840154900537,3.1778676016124536,6.667505346584476
352,Bay,FL,27.7,12,74.7,15.7,11.2,8,14814,South,67.98746397467596,6.01603225349229,1.4016410224105076,3.7639573523158574
264,Gaston,NC,27.3,12.1,60.9,10.8,8.2,6.2,16319,South,67.76398828051379,2.0389164615375828,0.8109975841409994,2.1017402180555473
57,Baltimor,MD,27.8,14,78.4,25,3.8,5.7,23470,South,67.60107146881963,0.8654393513394805,1.8334599947409027,0.9261212424183757
363,Brazos,TX,49.4,6.7,79.8,35.8,14.9,3.6,12641,South,67.31384681032644,4.808718058131329,1.3950205970688154,2.2894749798952914
263,Sangamon,IL,25.8,13.8,81.8,22.4,7.2,4.8,19601,North Central,66.87183971836355,4.865852701445181,3.363492650768558,7.45574204253697
85,Kern,CA,28.3,9.7,67.6,13.3,13.7,11.8,15881,West,66.82527503463807,14.981314756650235,1.2548829113283542,2.196965096959025
149,Knox,TN,30,12.7,74.6,23.9,10.2,4.6,17382,South,66.78203062406739,1.5160134505240521,2.930760776651606,6.486988792222761
183,Collin,TX,29.8,5.3,88.3,39.1,3.9,5.9,22303,South,66.75226105531064,3.2116832553136696,1.0680361768849702,2.1625838900755956
269,Champaig,IL,41.6,8.8,87.5,34.1,8,4.5,16957,North Central,66.51061985262245,5.762173096373356,2.2077734431440543,4.652506863170062
33,Hamilton,OH,28,13.3,75.6,23.7,10.3,4.5,20580,North Central,66.04265851484828,0.46985320262101893,3.6526180174272826,5.406197906324893
159,Allen,IN,27.4,11.4,81.2,19,5.6,5.9,19123,North Central,65.95620205028654,2.183914159209669,1.834886782167028,4.214921086572085
43,New_Have,CT,28.7,14.7,77.5,24.2,6,7.3,22197,Northeast,65.78183305791084,0.7535260917735095,3.9305214126997745,3.091197795625321
331,Cumberla,NJ,26.7,13.5,63.4,10.8,10.2,10.7,16819,Northeast,65.70664889571397,3.5421178822626094,1.3110906680767531,3.8680796505689843
301,St._Luci,FL,22.9,21,71.7,13.1,8.5,13.8,14137,South,65.53861930732297,3.8156501588189466,1.1719972564609678,2.8301070113404054
334,Dona_Ana,NM,31.4,8.8,70.4,21.9,20.7,7.4,11379,West,65.3088332964357,28.093867611246402,1.261899490812486,1.7710870046491034
217,Lubbock,TX,34.1,9.8,74.2,23.4,13.2,5.6,15443,South,65.16915503332794,4.042472915431467,2.942021955119567,7.015936326559945
231,Greene,MO,31,13.3,78.9,20.7,9.2,4.8,16630,North Central,65.16501642229586,3.24598819902957,2.356346988925169,8.5838354596559725
438,Montgome,TN,35.7,7.9,77.9,16.5,10.8,8,13169,South,65.04607056856852,5.363290811757448,0.8656888694302374,1.8706839937113175
209,Marion,OR,25.7,14.3,78.7,17.5,9.4,5.7,16022,West,64.88447718210982,5.186381481335592,1.6456366556811668,2.179593230130907
279,Lafayett,LA,31.1,8.3,73.3,22.5,16.2,5,16868,South,64.32915356696326,1.6387273764581638,2.1910391959311006,6.178609145312633
153,Greenvil,SC,28.2,11.9,71.6,21,7.8,4.9,17874,South,64.041578301324,2.473709033098352,2.0301904943357685,4.241536448166113
145,Solano,CA,29.7,8.2,82.7,18.7,6,7,17268,West,63.909100789904265,2.432282379759181,1.4129563099808766,1.4775821703126424
80,Montgome,OH,28.1,12.6,77.8,20,9.8,5.7,18410,North Central,63.897568703174755,0.8051459632037838,2.288217856464433,5.346726872530755
261,Muscogee,GA,30.6,10.8,71.5,16.6,14.9,4.6,15505,South,63.88960162429299,1.2048327179018061,2.0080545298363437,6.5150213634690255
44,Contra_C,CA,26.5,10.9,86.5,31.6,5.5,5.6,25523,West,63.75632673577759,0.8958209950580541,2.1910288504128244,2.2159127669422145
122,El_Paso,CO,31.7,8,88.3,25.8,8.1,6.1,16807,West,63.559471454407145,5.357493690398827,1.380303969129552,2.584291737822847
265,Racine,WI,26,12,76.4,16.5,7.9,6.5,18426,North Central,63.473382314293225,1.9024875167110389,1.3368831198510003,3.039409486156975
354,Richland,OH,25,12.9,73.5,11.6,8.4,9.4,16191,North Central,63.24076202858796,3.940160301893972,1.1416158621181731,3.6706121122271815
94,Kent,MI,29.6,10.8,80.3,20.7,6.9,7.5,18674,North Central,63.02646060671432,1.7098421791698875,2.011461535542146,2.9163196046589204
97,Ramsey,MN,31,12.2,85,28.8,8.1,4.3,20303,North Central,62.93989892231841,0.32114293948720063,3.1126161827220984,2.346813788560312
100,Lake,IN,25.5,12.3,73.5,12.8,11.7,7.1,16327,North Central,62.923417873228,1.0450089782461511,1.4865620676459332,5.073655260579402
109,New_Cast,DE,30.6,11.4,80.6,25.2,5,6.2,22284,Northeast,62.715806908536344,0.9639186687966402,2.3487032352368837,3.3669271811488284
214,Boulder,CO,34.2,7.6,91.3,42.1,5.6,3.5,21421,West,62.67889712832665,3.2972543589880137,2.0058667163695585,1.7174124319358832
335,Hampton_,VA,33,9.6,79.7,19.1,8.8,6.8,14743,South,62.60417211662793,0.3886600943248152,1.2182999110566322,1.8760323783755501
155,Tulare,CA,26.3,10.8,60.2,11.8,18,17.1,14710,West,62.48056398895874,15.46545439390102,1.1477265076734173,2.1030966174127426
118,Douglas,NE,29,11.4,84.5,24.9,8.1,2.9,19629,North Central,62.44777208940458,0.794824754348724,3.84925704296376,6.937307297019527
294,Collier,FL,22.4,22.8,79,22.3,6.4,7.5,25589,South,61.97279403546374,13.320271665165452,1.8540555822194753,2.833680694810617
152,Mercer,NJ,29.2,13,77.1,29.5,5.3,5.5,26026,Northeast,61.85241111765861,0.6936260066784522,3.0507267727362013,5.291200157140051
108,Cobb,GA,31.7,6.3,85.8,33,3.8,4.1,21933,South,61.602027940010494,0.759360796882154,1.3891835754726463,2.1954460686328154
170,Ingham,MI,37.4,8.7,83.9,29.2,11,6.9,17458,North Central,61.49791424274242,1.9828882771928826,2.5859133346576235,5.1008825449076305
115,Wake,NC,34.5,7.8,85.4,35.3,5.5,3.5,20658,South,61.42472483348292,1.9698615900609384,1.7974396523217913,2.8319712787566726
96,Union,NJ,26.8,15,75.2,25,5.3,6.9,26248,Northeast,61.356488915979334,0.2085784467588327,2.758095577529419,5.1456100312057655
55,Monroe,NY,29,12.5,80.1,26.3,7.7,4.4,21641,Northeast,61.31927481343702,0.9230105550949061,3.4147188669520205,4.309716962104744
37,Honolulu,HI,30.6,11,81.2,24.6,5.4,2.3,21307,West,61.026199698408696,0.7175050912965437,2.4215796831258345,2.5997601141311435
35,Hartford,CT,28.3,14.1,77.7,25.8,6,6.9,24875,Northeast,60.961535978060134,0.8640698393839745,3.3470966196789558,3.451583325800116
165,Seminole,FL,27.9,10.3,84.6,26.3,5.3,6.1,17885,South,60.9260283310553,1.0711962967213742,1.241613889381593,1.224224339110142
368,Hawaii,HI,22.5,12.6,77.7,18.5,10.9,4,16728,West,60.0580134145632,33.478228346783915,1.512670694914268,3.2497485808323012
5,Orange,CA,32.6,9.2,81.2,27.8,5.2,4.8,24400,West,59.9546328730799,0.32772522189901415,2.5147725255086377,2.6421290357909126
338,Weld,CO,29.6,10.2,74.9,18.4,10.6,4.5,15874,West,59.93733927067766,30.291076535605104,1.3047996904893757,2.1316785641134572
208,Santa_Cr,CA,29.9,11.3,81.9,29.7,6.2,8,22025,West,59.66465564522448,1.941375677957986,1.8673770534618297,1.6976155031471178
125,VA_Beach,VA,35.3,5.9,88,25.5,4.3,5.4,17697,South,59.562061622768525,0.6309324825921149,1.7274320793550242,1.348363773281536
121,Brevard,FL,26.2,16.6,82.3,20.4,6.3,7.1,17668,South,59.36668187218343,2.5540255352425447,1.4111053742311606,2.719448190125771
14,San_Bern,CA,30.1,8.8,75.4,14.9,10.3,8,16399,West,58.5950168502094,14.14430547526051,1.736488106149269,2.361144404179416
275,Lexingto,SC,27.8,8.9,77.3,21,6.3,4.1,18126,South,58.55224299121179,4.182303070800843,0.8650983527334125,1.5452446438479575
106,Passaic,NJ,28.9,12.9,68.8,18.7,7.6,8.1,21973,Northeast,58.3454730057829,0.40833443693991966,1.8341941464706661,4.220191586103386
75,Providen,RI,29.9,15.8,67,18.3,8.9,9,17866,Northeast,58.0726851929495,0.6926392406124742,3.1227464068291213,3.9579385177855673
288,Weber,UT,26,11.1,82.5,18,7.8,5.7,15301,West,58.04964315038212,3.6379713257121202,1.6800353691656666,3.619023558390703
378,Catawba,NC,27.2,11.9,66.7,14.2,4.8,6.4,17396,South,57.6799648684255,3.378036009863865,1.5116711144140795,3.9185217714420832
304,Jackson,MI,27.1,12.3,77.7,12.9,9.4,9.9,15750,North Central,57.62707337268624,4.721012847565373,0.8480461550789284,3.826223991025401
54,Macomb,MI,28.2,12.3,76.9,13.5,4,9.4,20924,North Central,57.2177306941734,0.6690827989963758,0.9827153610259269,1.6754948424867577
29,Erie,NY,27.3,15.2,76.4,20,9.4,6.8,18305,Northeast,57.10291451392416,1.078952476531493,2.837283641634969,4.782495570616149
169,Lane,OR,27.4,13.1,83,22.2,9.4,6.5,15701,West,56.876343173849115,16.096878181201223,1.7567300079176562,2.3116728876823887
241,Bell,TX,34.6,8.8,79.1,17.2,12.2,6.7,13536,South,56.85862011219962,5.541949258980156,2.6846269781461944,2.99338524658796
200,Cumberla,ME,29.1,13,85,27.6,5.7,5.7,21362,Northeast,56.824397968206966,3.438418985337364,3.0106730828552037,4.540687272502931
372,Taylor,TX,30.7,12,75.4,20.7,11.2,5.9,16021,South,56.70469265805859,7.655342442856545,1.7049015920772221,3.902887468137562
367,Aiken,SC,26.7,11.4,70.7,17.2,11,4.9,17898,South,56.51562758392591,8.87216801719861,1.0583760542417728,1.5792955184388955
413,La_Porte,IN,26,13.1,73.9,11.7,7.8,5.8,16655,North Central,56.236340201371114,5.585339883809986,1.3916649543272375,4.847477257019035
391,Benton,WA,25.1,10.1,83.9,23.3,8.9,6.8,17332,West,55.51705756929638,15.129708599857853,1.261549395877754,2.4697938877043355
138,Spokane,WA,27,13.2,84.4,20.6,9.8,6.2,16365,West,55.462082553879185,4.881504521756455,2.357733476494615,3.7247761260114456
296,Chesapea,VA,28.6,8.4,77.1,16.9,7,6.1,16924,South,55.44954466494709,2.243775332947308,1.394957098489235,1.3817971258619781
137,Dane,WI,35.6,9.3,88.9,34.2,4.8,3.1,20087,North Central,55.42040671779016,3.274445973003528,4.366836018905703,3.7647956195431576
185,St._Clai,IL,26.8,12.7,72.6,14.7,13.9,8.4,16190,North Central,55.403801378722626,2.5261363809291923,1.2516549236832895,4.139211419353857
351,Whatcom,WA,28.8,12.5,83.2,22,7.4,6.3,16002,West,55.329472530912504,16.591015808420725,1.5886680231648145,1.6747534825481296
150,Lee,FL,21.5,24.7,76.9,16.4,6.1,6.4,18877,South,55.03218317403383,2.3991907207419585,1.5188906428577824,3.586849808870441
329,Rock,WI,26.2,12.6,78.2,13.3,7.8,9.7,16742,North Central,54.78460325424701,5.168088309081787,1.2257185864812559,3.519460970539746
186,Escambia,FL,29.2,11.9,76.2,18.2,13.3,5.8,15392,South,54.71883347666268,2.526655453998889,1.9863164864268372,6.027443131226264
266,Buncombe,NC,24.8,16.1,74.5,19.1,8.2,4.9,16934,South,54.40993930935071,3.752409607541428,2.6827440639282467,4.147099032724902
389,Washingt,AR,32,11.2,73.2,20,9.8,3.7,14736,South,53.981606398081276,8.376760221851882,1.8340696064686226,5.740285162553237
380,Pinal,AZ,24.4,13.7,65.5,8.2,18.7,7.9,11396,West,53.918662301617985,46.14234526847627,0.5241495458802705,2.655118191426288
395,Comanche,OK,34.5,8.7,81.1,18.4,13.3,6.6,13228,South,53.63005220386416,9.588647901978723,1.1391564860161814,3.1124984302961805
39,Fairfiel,CT,26.7,13.3,81,34.2,4.5,5.9,32342,Northeast,53.614774450398414,0.7563629333832742,2.9203342012577855,3.013369258558923
110,Jefferso,CO,26.9,8,89.8,30.7,4.1,4.1,20997,West,53.493145998220925,1.7608284104646124,1.2567570649818671,0.6796980133658737
105,Hampden,MA,27.8,14.8,73.6,17.6,10.9,9.6,19073,Northeast,53.137121693585506,1.356533935263308,1.9811093335670924,3.6488352216694793
397,Kent,DE,29.7,10.3,73.1,15,8.7,7.6,14946,Northeast,52.6699881974539,5.324660113700864,1.1081779932067788,1.7388483958447831
154,Kane,IL,27.8,9.3,77.7,21.4,5,7.5,21684,North Central,52.66937767544122,1.6410947771607485,1.4898998648695472,3.9783161296622365
435,Charles,MD,29.9,6.5,81,16.2,3.7,4.9,19317,South,52.18775332661091,4.557407517250924,0.6623564070624988,1.0281353184253712
379,Macon,IL,24.1,14.5,76.2,14.8,9.8,8.9,18021,North Central,52.07071310342474,4.957084108322099,1.4589696773202738,6.1856901523812775
254,Montgome,TX,25.5,8.6,75.5,19.4,9.4,5.5,17084,South,51.970077002870454,5.72993562055093,0.6860555101234351,1.8660709875357435
315,Anderson,SC,25.5,13.6,64,12.9,8.6,6.6,14205,South,51.826496597702416,4.945039808259181,1.3705611724840905,3.1405823851896746
15,Cuyahoga,OH,26.3,15.6,74,20.1,11,5.5,21086,North Central,51.80081295055731,0.32433044882235473,3.9797753763791124,5.758635829308709
350,Kenosha,WI,27.5,12.6,75.1,12.7,7.6,6.4,17338,North Central,51.61451385150685,2.129800828515927,1.0922055530850907,2.6056903909315734
270,Placer,CA,23.5,12,85.1,22.7,5.3,6.8,20168,West,51.52897057802264,8.125188083057477,1.9039792587791384,1.8634690617838376
161,Albany,NY,30.4,14.7,80.9,28.3,6,4.5,21003,Northeast,51.52873948201262,1.7908774616020833,4.296055284797364,4.258460528924037
13,Santa_Cl,CA,32.6,8.7,82,32.6,5,5.5,25193,West,51.42239764633137,0.8620591795947721,2.7384234667065535,2.231604785597001
377,Rutherfo,TN,33.1,8.4,73.9,18.7,7.6,5.4,15501,South,51.210255545247534,5.220544825841276,1.121700261448933,1.8132748587332377
62,Essex,MA,27.3,14.1,80.2,25.9,7.5,9,22834,Northeast,51.20582617000955,0.7431948424068767,1.768445558739255,2.998149474689589
114,Anne_Aru,MD,29.6,8.8,81.1,24.6,3,5,22797,South,51.08616020541196,0.973693880942517,1.4418159390879577,1.444156549378685
88,Summit,OH,26.8,13.8,78.3,19.7,9.5,6,18583,North Central,50.92914425522826,0.8019573195596031,2.3612108972989767,4.322414027456844
278,Vanderbu,IN,27,15.7,75.2,16,9.1,5.7,18093,North Central,50.921494262622836,1.42374195737256,2.490033806298392,8.336463546147414
415,Yuma,AZ,27.4,13.8,64.9,12.7,15.4,17.8,11490,West,50.64783198465784,51.58332943542729,1.1038869919079473,1.84292997801581
18,Suffolk,NY,27.9,10.8,82.2,23,3.3,7,24262,Northeast,50.476448409216076,0.6891783118384343,2.2854090889834358,2.9534051914569126
437,Martin,FL,20.4,27.5,79.7,20.3,5,9.8,27125,South,50.35678889990089,5.510406342913776,1.912784935579782,2.7452923686818633
336,Monroe,MI,26.1,10.4,74.1,10.5,6.9,11.1,17278,North Central,50.34431137724551,4.1242514970059885,0.62125748502994,1.3622754491017963
140,Monterey,CA,32.6,9.8,72.9,21.5,8.5,10.9,19465,West,50.24461564415453,9.340381263003993,1.4480121464319855,1.6926277905865152
303,Onslow,NC,49.7,4.4,83,13.4,9.8,5.6,10190,South,50.08742775530907,5.118861703973625,0.6940829429116779,0.887625301992819
308,Shasta,CA,22.8,14.1,78.4,13.7,11,10.3,16277,West,49.89254332272368,25.748796213172284,1.8158818248592181,3.1828939851464946
182,Mahoning,OH,23.5,17.1,74.6,14,12.8,6.7,16256,North Central,49.77606247592578,1.567185033571747,2.2695860365701686,5.56256278181008
101,Onondaga,NY,29.4,13,80.7,24.4,7.1,5.6,19401,Northeast,49.57428252799202,1.6632087561544053,3.270977220436998,3.5567079554686516
135,Santa_Ba,CA,32.8,12.3,80,26.6,7.4,6,21902,West,49.54708772537391,7.410553884115063,2.367373000584403,2.789441786974308
232,Kanawha,WV,23.9,15.7,72.4,17.6,12.3,7.5,17192,South,49.35001131880993,4.34931292415434,2.7405969588525134,6.463762950404346
256,Butte,CA,28.2,17.3,77.6,19.5,12.2,9.4,15051,West,49.08302218317593,9.005051614320228,1.7955194377333625,3.4318032066769164
311,Jackson,OR,22.1,16.2,80.1,17.6,9.7,7.6,15582,West,48.979089958945,19.024653491724106,1.7965830765972854,3.5658416957558283
284,Thurston,WA,25.3,11.7,86.5,24.7,7.1,5.9,17312,West,48.88425805331249,4.508862675051787,1.7551693769458812,3.101005966335479
323,Kenton,KY,28.3,11.5,74.4,17,8.2,5.4,16935,South,48.756961508403094,1.1476367835190908,1.8517084298498216,5.160845167604256
66,Jefferso,KY,27,13.4,74.1,19.3,10.9,6.3,19140,South,48.75499483409706,0.579002221263067,3.264970967174334,5.352386767468197
205,Dauphin,PA,26.8,14.3,77.6,18.6,7.2,5.5,18348,Northeast,48.62223679950213,2.207616909084028,3.4649073011147413,5.9921030389423615
392,Boone,MO,40.9,8.4,84.8,36.5,9.3,3.2,17175,North Central,48.549995995693145,6.095444878491533,6.638250918765962,9.103124249192463
142,Gwinnett,GA,32.6,4.7,86.7,29.6,2.9,4,19861,South,48.50811821710918,1.2269417131846645,0.7679011646028733,1.2439432149839902
289,Elkhart,IN,26.8,11.2,72.8,14.2,5.3,6.4,16770,North Central,48.48333525397252,2.970588611890037,1.0499494231680302,3.060218440697064
248,Howard,MD,29.8,6.1,91.1,46.9,2.2,4.1,27546,South,48.34835155449266,1.3452340280150323,3.7100700375811413,1.110351896139392
373,Humboldt,CA,27.5,12.3,80.5,20,12.8,8.8,16138,West,48.16232643261304,29.995466680098726,1.7377726288218405,2.6108564616598664
262,Merced,CA,28.2,9.2,63.1,12,15.4,14.6,13961,West,48.13259866706277,10.812598442851296,1.0369780777229083,1.8889816875276761
306,Rock_Isl,IL,24.9,15,77.4,15,10.2,7.5,17818,North Central,48.102848920476326,2.871109377836649,1.4052970959434654,5.170686443925956
250,Larimer,CO,32.1,9.6,88.6,32.3,6.6,4.1,17140,West,47.92732195813813,13.973653672583488,1.493531611294967,2.1973180899987104
127,Sonoma,CA,25.8,13.4,84.4,24.5,5.2,5.7,22055,West,47.79739427441,4.059532947643359,2.1637104543276786,2.0555249316112945
162,Butler,OH,29.9,10.2,76,18.7,7.6,6.6,16750,North Central,47.516287622779,1.6021737415045336,1.0566798980372514,3.012223865184113
136,Stark,OH,24.9,14.4,76,14.3,8.9,6.9,16898,North Central,47.5155406232572,1.566984506984779,1.6186732320415687,4.1813458111729265
242,Kitsap,WA,27.7,10.7,86.6,19.8,7.5,5.2,17009,West,47.41449736732532,2.087165513279327,1.2280544560456648,1.2860312758589794
401,Rowan,NC,26,15.2,66,11.7,6.8,5.4,15691,South,47.312508476108675,4.620044301794675,1.0306948148817865,2.2060485511504906
233,Ada,ID,27.6,10.4,87.2,24.9,6.2,4.1,18786,West,47.14372494229134,5.126959057222694,1.783501397157089,2.706839995140323
25,Oakland,MI,27.6,10.9,84.6,30.2,4.4,7.3,26884,North Central,47.0324624028232,0.8056537885108047,3.709883424757658,3.002975289592393
344,Tippecan,IN,42.3,9.5,85.2,30.7,6.8,3.2,15847,North Central,47.02215960428184,3.8285425504219055,1.776443743395764,4.862249039035819
440,Morgan,AL,26.3,11.7,69.4,15.5,9.4,7.1,16458,South,46.909828773627346,5.817498475655468,1.219475625481043,4.638005657567246
69,San_Mate,CA,28.4,12.3,84.1,31.3,4.3,4.2,28819,West,46.90874553394815,0.6911701094327017,2.7923888162826747,2.527619865675938
293,Lake,FL,19,27.5,70.6,12.7,7.9,8.9,17496,South,46.67201388523642,6.265449955293747,1.0979329932151685,4.365434176616
340,Rapides,LA,26.8,12,69,14.6,18.6,7.1,14615,South,46.375687919973245,10.056553862993706,1.869926115114476,5.837818115479339
172,Clackama,OR,23.1,11.5,85.7,23.6,4.7,4.2,19942,West,46.100053792361486,6.698942083557468,1.6568047337278107,1.237224314147391
346,McLean,IL,37,10.5,84.7,29,5.9,4.6,18961,North Central,46.052020436600095,9.165505496206844,1.3237343241987924,4.551788202508129
139,Will,IL,27.4,8.6,80.4,18,4.5,7.4,18787,North Central,45.98769146378665,2.3424840406030567,0.8340026811227131,2.0878053695219596
48,Montgome,MD,28.6,10.2,90.6,49.9,2.7,3.3,30081,South,45.908534305909825,0.6538736399098051,6.1226349918827205,1.9906819703920733
400,Napa,CA,24.5,16.5,80.7,22.3,4.6,5.9,22668,West,45.64618787523134,6.80720444183632,3.1147022976572023,9.199656931341128
61,Middlese,NJ,31.6,11.8,79.4,26.5,3.4,5.7,24896,Northeast,45.473220399535556,0.462949179791003,2.436809669832386,2.7985352347494716
356,Minnehah,SD,29.7,11.6,83.1,21.3,5.4,2.5,18526,North Central,45.43288452374222,6.534258414170214,3.0369359254981463,7.366185010782738
240,Brazoria,TX,28.7,7.8,75.5,15.1,7.7,5.6,17951,South,45.340024099276505,7.234999243637426,0.8137418038986578,1.6587813694857256
285,Kent,RI,26.2,15.1,76.8,20.5,3.7,8.6,20086,Northeast,45.31603934589009,1.0550159803891148,1.6383777577807428,2.227945511527601
63,Ventura,CA,28.8,9.4,79.4,23,5,7,21420,West,45.19323902567353,2.759276310282564,1.745847632941514,2.050773075681299
313,St._Clai,MI,25.9,12.3,74.8,10.7,9.2,11.8,17480,North Central,45.10772146943485,4.979156221884937,0.9820956410062703,2.960022526389528
204,Clark,WA,25.3,10.6,83.9,16.8,7,6.6,16790,West,44.9731782418201,2.6380679932620046,1.075390774323365,1.2560228184479927
424,Wayne,NC,29.7,10.2,71.2,12.7,11.9,7.3,13350,South,44.732768998528655,5.283473143141039,1.0796247109854202,2.512754858311199
353,Davidson,NC,26.9,12,64.2,10,7.3,5.9,15079,South,44.69635371851244,4.357539253376698,0.6157392423249682,1.7445945199207433
171,Pasco,FL,18.4,32.3,66.9,9.1,7.9,8.3,13944,South,44.49527088794904,2.650010137622674,1.0955746609231993,3.3471940127556192
327,Winnebag,WI,30.3,12.8,80.6,18.2,5.3,4.8,17645,North Central,43.9709236031927,3.1285632839224626,1.7246294184720639,3.7628278221208666
433,Kings,CA,33.7,7.7,65.6,9,15,12.8,13907,West,43.84590367501404,13.698765140092048,0.8081285909982359,1.7739408095083227
436,Hernando,FL,16.4,30.7,70.5,9.7,7.9,8.2,13919,South,43.653266083172625,4.72729070859912,0.9691934925579786,2.868021559610345
103,Snohomis,WA,28.1,9.5,85.7,19.3,4.9,5.6,18545,West,43.645117923211394,4.48842673126565,1.0780814445432327,1.4431687863208216
91,Bristol,MA,27.6,14.4,65,15.9,7.4,12.3,18521,Northeast,43.49577840319953,1.0981089221349922,1.1297091788870786,2.579370957389029
319,Sullivan,TN,24.6,14.3,66.8,15.6,10.4,4.4,15747,South,43.427393520710886,2.8761246831388063,2.62542132092816,6.838630602523747
394,Bay,MI,25.4,13.4,74,11,10.2,9.2,16499,North Central,43.401985267133895,3.974114551166725,0.9040215533059442,3.7145440061580874
87,Lake,IL,28.9,8.4,84.7,32,3.7,4.6,27378,North Central,43.27695781324431,0.8675143004310462,2.116502523149851,2.902687357915487
403,Allen,OH,26.2,13.4,76.1,11.4,10.4,7.3,16542,North Central,43.132431324313245,3.6900369003690034,1.5306819734864017,5.102273244954672
198,St._Jose,IN,28.2,14.1,76.1,19.2,7.1,5.7,17211,North Central,43.05571296731053,1.8498129948350956,1.6879037611514984,3.75224649061736
420,Clay,FL,26.3,8.5,81.2,17.9,5.4,5.9,16029,South,43.02455041231861,5.670560262676203,1.5473741814956692,2.6135527333798803
141,Johnson,KS,27.5,9.4,92.9,40.5,2.5,3.3,26156,North Central,42.9174153790691,1.3434576148980155,3.303722813994491,2.6052375131670114
28,St._Loui,MO,26.1,13.1,82.3,29.2,4,5.1,24219,North Central,42.87242747821151,0.5113086784583036,1.201776697006328,1.0628778827794658
195,Madison,IL,26.2,13.9,75.8,14.4,8.5,7.9,17980,North Central,42.79443744533338,2.908866224251519,1.1033630505781624,4.493696787809243
218,Niagara,NY,25.8,15.1,75.8,13.6,8.6,8.3,16647,Northeast,42.748554965663445,2.369131529833844,1.0826432803638406,4.045190164706735
426,Sheboyga,WI,25.4,14.6,77.4,13.8,4.5,5.6,18061,North Central,42.67547195240525,4.948159842891112,1.0974517939486124,4.052870221511981
409,Pitt,NC,35.4,9.9,71,21.9,15.5,5.5,15852,South,42.65038360327638,6.04128831399874,4.595826692857937,5.401949520032615
305,Schenect,NY,26.1,16.5,80.7,23,5.7,5.6,20679,Northeast,42.62986904243561,1.3799109086646346,2.699534447533242,4.8296881803262215
276,Harrison,MS,30,10.8,74.7,16.3,15.4,6.7,13691,South,42.59063284249993,3.5134399661355187,1.8927826323587216,4.620082847035346
32,Westches,NY,26.3,14.4,81,35.3,4.7,5.4,33330,Northeast,42.42706883111242,0.4949329383014085,5.2316583339620015,4.046333952856781
207,Gloucest,NJ,28,10.8,77.5,18.1,4.7,7.1,18523,Northeast,42.35881120643945,1.4125398770872992,0.8649090324319156,1.4733877487156752
381,Calhoun,AL,28.8,12.4,67.4,14.2,11.7,7.3,13776,South,42.23762000792871,5.248461657789958,1.1462157643449333,4.188427529861937
164,Lehigh,PA,26.3,15.4,74.6,19.6,4.9,6.6,19785,Northeast,42.09116202383815,1.1919073953216777,2.1880259677807166,4.482533576065675
212,Fort_Ben,TX,26.8,4.9,80.9,30.2,6.9,3.8,18301,South,41.84614565634968,3.8816259354718503,1.0247492469645685,1.3352793218023165
223,Prince_W,VA,32.3,3,87.8,27.6,2.3,4.3,20543,South,41.731962204315536,1.5670929035727865,0.9087284292907282,0.7093645391912317
238,Brown,WI,29.6,10.8,82.6,17.7,6.7,4.6,18490,North Central,41.63026609247972,2.7184805286905043,1.4851434268271375,3.247787701573533
385,Jackson,MS,25.9,9.4,74.4,14.4,14,7.1,13475,South,41.451541525298715,6.3084091875428445,1.475143826523086,3.00235155280581
343,Madison,IN,25.5,14,73.5,11.7,10.3,7.5,16018,North Central,41.119163688403525,3.459121903435398,1.0714094391171587,5.012665590155278
206,Marin,CA,24.7,12.3,91.9,44,3,4,37541,West,41.11327445935609,2.259926291634796,4.350358111396982,2.1208539044572703
422,Robeson,NC,26.7,10.7,57,11,20.7,8.9,10849,South,41.053822531113624,9.022713659570826,0.789130910162675,2.671635972960382
328,Williams,TX,29.1,7.6,81.4,24.6,7.6,3.8,14934,South,41.017262506180536,8.054403049781083,0.630593833078946,1.325680217268239
355,El_Dorad,CA,23,11.8,85.9,20.8,5.8,6.1,19250,West,40.890511528235244,13.587840787332832,1.1667129648001906,1.2937021310369459
156,Washingt,OR,27.6,10.1,88.2,29.8,4.8,4.4,19932,West,40.53871880958036,2.323834712441503,1.1330299081379152,0.9436566373726545
418,Olmsted,MN,29.3,10,88,29.5,4.5,3.3,20515,North Central,40.48088663473279,6.13318305625998,17.037663191509345,13.496759650605805
81,Monmouth,NJ,25.6,12.7,82.8,28.4,3.4,5.8,27391,Northeast,40.32007289504704,0.8533348760856517,2.3502867349816676,3.4422661103116114
184,Utah,UT,33.9,7,87.9,26.2,10.6,4.3,11467,West,40.232937516597744,7.579953715998331,1.1039872529306878,2.0638112219735194
112,Ocean,NJ,22.4,23.2,74.9,15.3,4.3,7.4,20974,Northeast,40.11745071017514,1.468133877189216,1.1842023254686602,3.4048702340473174
249,Barnstab,MA,22.1,22,88.4,28.1,5.8,11.1,23267,Northeast,39.87567321347231,2.122129632110608,1.8005948393665765,2.0578226735618017
175,Dakota,MN,30.6,6.4,90.7,27.6,3.3,4.7,21123,North Central,39.796240921130554,2.071017741718654,0.7303062562902622,1.028242141941016
408,Alamance,NC,27.3,14.8,67.9,14.6,6,4.5,17306,South,38.36877269828948,3.9828856052415142,1.2198164730670067,3.1419515215362295
148,Hillsbor,NH,30,10.3,82.2,26.4,4,7.5,22581,Northeast,38.2149116412208,2.609552091361103,1.746644330249678,3.1243212040241257
421,Androsco,ME,27.9,13.4,71.8,12.6,8.7,9.7,16154,Northeast,38.1915085645883,4.465176374466791,1.8810743024349461,5.0066977645617
332,Greene,OH,28.5,9.8,82.4,26,7.1,5.2,18161,North Central,38.18446438627671,3.0351566213952945,0.9800264753420951,1.535862386730149
147,Berks,PA,26.1,15.6,70,15.1,5.2,6.7,19655,Northeast,38.11626545585294,2.552574415418857,1.6848774080820628,3.0933992624575435
274,Calcasie,LA,26.6,10.9,70.3,14.7,15.5,7.8,14968,South,38.05892918743383,6.369919231089487,1.475013976946959,5.025753268226534
46,DuPage,IL,29,8.7,88.6,36,1.7,4.8,26772,North Central,38.006002563754855,0.4272924753027508,2.759490626431238,2.3565052081067877
235,St._Loui,MN,24.3,16.9,80.3,17.3,9.7,6.5,15419,North Central,37.928894673911394,31.41065419523442,2.048301574568772,7.017703177894488
17,Alleghen,PA,26.2,17.4,79,22.6,8.7,5.3,20681,Northeast,37.551750945976984,0.546223611974718,3.9515162942992963,6.312249850162633
221,San_Luis,CA,31.4,14.1,83.3,22.9,6.8,5.8,17221,West,37.313157918972934,15.219053057164698,1.9524594542323241,2.40373546016338
255,Harford,MD,28.8,8.3,81.6,21.5,4.1,6.7,20941,South,36.97867480728263,2.4158302769419984,1.3561592691015307,1.8283442777765575
42,Fairfax_,VA,29.2,6.5,91.4,49,2.2,3.2,28999,South,36.89541940717141,0.48376220400105546,2.069427206004515,0.16491893318217798
194,Oneida,NY,27.7,15.5,75.1,16.7,8.8,6.7,16477,Northeast,36.81289767019088,4.835828987864581,1.7421741695769348,3.607935065142165
312,Washingt,MN,26.5,6.6,90,26.2,3.6,4.6,20682,North Central,36.772769644130065,2.686845424137742,0.7745243186927675,0.6305861709711027
412,Yavapai,AZ,18.3,23.8,78.9,17.7,9.8,5.4,13681,West,36.68975249271218,75.4219507213547,1.0583582449820823,1.476131236422378
280,York,ME,26.4,12.6,79.5,19,4.7,6.9,17908,Northeast,36.61893102128358,6.0211316811169775,1.0450400092352372,2.4546288589013714
226,St._Char,MO,29,6.9,83.3,21.2,3.5,6.4,18753,North Central,36.56526088855697,2.634953289464414,0.807864466645061,2.8791913840315253
324,Chautauq,NY,25.7,15.7,74.4,14.2,9.9,7.7,15197,Northeast,36.49177208499242,7.484407484407485,1.1557842066316641,4.601994432502908
178,Lorain,OH,26.4,11.6,75.3,12.3,9.1,9.5,16006,North Central,36.381608551005804,1.8183427631433355,1.0733017121190886,3.4707110347218633
382,Kennebec,ME,26.1,13.4,78.9,18.1,7.3,6.8,17131,Northeast,36.09884041965765,7.488956377691883,2.079307012700166,4.288031474323578
174,Erie,PA,27.5,13.8,77.5,16.2,9.5,7.1,16331,Northeast,36.0559127923011,2.910310191166011,1.6982857474634578,5.142031846486581
339,Chittend,VT,35.8,8.1,86.7,34,5,4.4,19940,Northeast,35.966636561653296,4.090740052063964,5.28229142158909,4.3487830238082585
318,Okaloosa,FL,30.8,9.3,83.8,21,7.8,6.7,15803,South,35.840474070776764,6.510126864010683,1.238036946361006,3.352437124415758
157,Orange,NY,28,10.4,77.2,19.5,6.4,6.7,19788,Northeast,35.6740029969413,2.652390564510624,1.5569792651968002,3.2049719321170045
227,Broome,NY,28.6,15,78.9,20.7,6.5,5.9,18058,Northeast,35.044306184012065,3.332390648567119,2.1681749622926096,3.8461538461538463
425,Straffor,NH,34.8,10.7,79.8,21.7,5.1,6.5,17182,Northeast,35.02729461878676,3.5401456352594667,1.333550794853837,2.273752074678845
189,Dutchess,NY,29,11.4,79.8,24.8,3.6,5.1,22173,Northeast,35.02246957165211,3.09101140051337,2.0619589766516873,2.8559095358857944
402,Washingt,RI,31,12.3,82.8,29.1,3.7,6.7,19449,Northeast,34.88900605421522,3.0271076123120557,1.4726469465301892,2.1907895932949115
326,Outagami,WI,28.2,11.1,81.5,16.7,4.6,4.9,17182,North Central,34.58828553127891,4.554835954736318,1.6226603088748133,3.6367518326097787
201,Somerset,NJ,28.6,10.8,86.3,38.3,1.4,4.1,33180,Northeast,34.57647151852638,1.2693577050012694,3.2587117475934226,1.5565238743294254
41,Bergen,NJ,25.4,15.3,81.6,31.7,2.7,5.2,32230,Northeast,34.554992851777364,0.2835057791562674,3.908502750248371,2.7611524388766386
83,Delaware,PA,27.6,15.5,81.4,24.8,5,5.3,23658,Northeast,34.55485336464281,0.33598039627426957,2.508897089569817,2.899656898280109
375,Stearns,MN,33.6,10.5,78.3,17.5,7.3,5.4,14757,North Central,34.52281738515544,11.322406579623035,1.675211085014858,5.564394609019201
393,St._Lawr,NY,31.2,12.1,73.1,15.1,12.8,9.8,12704,Northeast,34.39191240823763,23.987711433011235,1.1788450890385267,3.375783664064872
290,Renssela,NY,29.8,13.2,77.7,19.5,6.6,6.3,17774,Northeast,34.30055235739402,4.234955869687688,1.379274618109293,3.988888097442838
388,Yellowst,MT,25.6,12.4,83.7,21.5,9,5.3,17272,West,34.20061894391592,23.23243900933706,2.3100186035849375,4.884543154145249
111,Plymouth,MA,27.1,11.6,83.8,22.2,5.3,10.4,21500,Northeast,34.10709526828955,1.5185767191391208,1.3232983210652551,1.8677804427535634
300,Clermont,OH,28.1,8.7,72.8,14.5,7.4,6,16231,North Central,34.05088323223714,3.0095813885356253,0.5459860041148702,1.005413251479822
398,Charlott,FL,16.6,33.8,75.7,13.4,5.2,7.2,16362,South,33.7102951115116,6.25366073439964,1.649020049560712,5.6949763460238785
19,Nassau,NY,25.7,14.2,84.2,30,2.5,5.1,31679,Northeast,33.55969015371135,0.22293894114101237,4.774932652243216,4.039311825551444
357,Centre,PA,45,9,83.6,32.3,6.2,6.1,15476,Northeast,33.41250222157595,8.95093144620555,1.4379655211413245,2.1811836556638067
246,Davis,UT,26.2,6.1,89.9,23.5,5.5,4.5,13394,West,33.4094210417099,1.6228497241155468,0.8832559154202648,1.3195630543628054
146,York,PA,26.6,13.1,72.8,13.9,4.3,6.2,19502,Northeast,33.25342929670705,2.6651039243287173,1.354638458774818,2.8005677702061993
390,Wood,OH,34.5,10.2,83.8,21.9,5,6.6,17522,North Central,33.1864852695795,5.447209739646328,1.1300532361016695,1.0947390724734922
429,Cass,ND,34.4,9.8,87.1,26.5,7.3,2.5,16275,North Central,33.05985963411552,17.166631024359898,3.33417578785699,6.250364523591967
124,Burlingt,NJ,28.8,10.7,81.9,23.6,3.1,5.6,23008,Northeast,32.991955774478186,2.0376342180800173,1.819949071800661,2.910906025828596
299,Frederic,MD,28.7,9.4,80.4,22,3.5,6,19954,South,32.88107158074137,4.413879420536856,1.1450788240306773,1.6044418406476353
247,Ottawa,MI,28.9,9.8,79.8,18.7,3.8,6.5,18360,North Central,32.699927570193005,3.01435814409271,0.8680925397298794,1.666950705125474
383,Livingst,MI,25.3,8.2,85.6,19.6,3,8.1,21153,North Central,32.51329499762203,4.911582861342903,0.5880063988931644,0.8041852220156513
309,Penobsco,ME,30,11.5,79.1,17.7,9.5,8,15521,Northeast,32.39404915382569,23.164917019665623,1.8280912135660738,4.07909905116609
419,Vigo,IN,30.2,15.1,76,18.1,10.7,5,15036,North Central,32.37298198987814,3.7980529088561545,1.6869763540576965,5.42848256948175
376,Lycoming,PA,25.4,15.1,74.5,12.3,8.4,8,15778,Northeast,32.22980372335945,10.403504338303428,1.9543425153735996,5.627158621851572
210,Trumbull,OH,23.9,14.4,75.2,11.4,9.4,7.9,16144,North Central,32.109668895102566,2.703972117482321,0.9876521533011724,4.060347741349265
428,Sumner,TN,25.5,10.2,70.6,14.4,7,6.8,16514,South,31.806430998925265,5.121948857970004,0.9295030063612862,2.507721652578887
384,Marathon,WI,25.9,12.7,75.9,13.5,5.5,5.9,16305,North Central,31.67244367417678,13.388214904679376,1.490467937608319,2.20103986135182
86,Bucks,PA,26.6,10.9,82.9,24.8,2.9,6.7,22548,Northeast,31.21731642687934,1.1234833898154752,1.62424654547336,2.6516425401072485
347,Porter,IN,26.4,9.8,82.4,18.5,4.6,4.5,17566,North Central,31.13269010020786,3.2420190488009184,1.318524493531474,2.939534017931933
116,Lancaste,PA,27.2,13.1,70.5,16.7,5.3,5.3,18878,Northeast,30.949193750561705,2.2444432881921945,1.357545255450284,2.935041223020562
316,St._Tamm,LA,24.2,8.9,76.9,23.1,11.1,6.2,17129,South,30.77338278849614,5.909707421042434,1.9514490547236139,3.5430564397818807
190,New_Lond,CT,31.2,11.9,80.9,21.8,4.7,6.8,20259,Northeast,30.620849790356807,2.6122051953858887,1.9062037912275402,2.0199484618974965
58,Montgome,PA,26.1,15,83.8,32.1,2.2,5,28462,Northeast,29.987715875424527,0.7122727695023382,4.773554772006353,3.5761106957415523
199,Rockingh,NH,29,9.2,86.2,25.9,3.2,8,21770,Northeast,29.67316805304155,2.8269844820923753,1.3951880249750859,2.090748235676951
364,Oswego,NY,29.8,10.7,74.7,12.9,8.1,10,14834,Northeast,29.415870773829567,7.826165507386816,0.6487587356595578,2.209064555600266
158,Waukesha,WI,24.4,9.8,88,27.1,2.2,4.1,23004,North Central,29.322481663193475,1.8246558259357104,2.2545657417586926,2.2217481909325105
260,Saratoga,NY,28.4,10.3,83,25.2,4.4,5.9,18857,Northeast,29.132372735497253,4.479357443897703,1.1860367616231602,1.2191354619475274
117,Morris,NJ,26.7,10.6,87,36.7,1.8,5.1,31520,Northeast,28.82855942641918,1.113080955873104,2.7221830626576766,3.7949178005140585
277,Ulster,NY,27.8,13,76.6,21.6,5.6,5.9,18824,Northeast,28.43851328461501,6.817741857426318,1.5607607801384116,2.498427140299085
414,La_Salle,IL,23.8,17.2,73.1,10.5,8.7,9.6,16119,North Central,27.89183728826242,10.616108424606923,0.9727535472767577,4.714113344495057
359,Carroll,MD,26.6,10.2,78.5,19.6,2.5,5.7,22002,South,27.802094478487824,3.6393995396038,1.1509905002755894,0.996984729111954
203,Madison,AL,31.4,8.9,80.2,30.1,8.4,5.2,18990,South,27.77173185105813,3.369441467988213,1.6700709884811142,3.9052035896062147
330,Berkshir,MA,26,16.9,77.9,20.9,6.3,10.1,20068,Northeast,27.713990470176245,6.68092312991561,2.6910270394396925,4.291291118893163
370,Merrimac,NH,27.7,12.1,83.2,25.4,3.6,7.1,20600,Northeast,27.707178867547185,7.791342027415524,1.97491771176201,3.066538894212741
399,Jefferso,NY,32.7,10.9,76.4,13.6,9.5,11,15205,Northeast,27.617785709778893,11.465347070117087,1.1176910665837412,3.028582244936589
417,Randolph,NC,27.1,12.2,62,9.1,6.5,4.8,14721,South,27.593715390535543,7.395866574061907,0.6476076061044056,1.360914534567229
180,Rockland,NY,25.5,10.1,83.3,33,4.1,5.3,26757,Northeast,27.098596854694414,0.6554289481118749,3.5069215557020437,2.80629061116866
236,Cumberla,PA,28.6,13.4,81,22.9,2.8,4.6,19254,Northeast,26.872276025955536,2.8168004220079177,1.9205457422781258,3.7540267442396433
252,McHenry,IL,26.3,9.4,84.5,21,2.5,7.1,21855,North Central,26.489704814970448,3.2962055435191906,0.8731670313958121,2.0246560540490393
431,Sarpy,NE,30.4,4.8,91,25.4,3.5,2.6,16137,North Central,26.212920269440357,2.349317138317265,0.38017995184387277,1.5597126229492217
197,Northamp,PA,26.9,15,73.1,16.7,4.9,6.8,18336,Northeast,26.110357945003134,1.5135266384735235,1.8575099653993241,3.775722870844378
365,Franklin,PA,25.5,14.4,69.4,12.4,5.7,6.7,16281,Northeast,26.056721890949934,6.375844469037512,1.1232057613848465,2.4446243041905484
387,Lebanon,PA,25.3,15,70,11.8,5.2,5.9,16500,Northeast,25.66289210859474,3.18258545505697,1.424250949500633,1.7231678154452104
16,Middlese,MA,31.7,12.5,84.3,35.4,4.2,7.3,25312,Northeast,25.61731837982707,0.5892161994411027,3.6883217921325335,2.968963179708081
224,Lake,OH,26.4,12,81.1,17.5,3.6,5.7,19692,North Central,25.433992733144933,1.058009549928306,1.0812115137425233,1.6659010018607976
358,Tazewell,IL,23.9,13.2,78.6,13.6,7.1,7.4,18008,North Central,25.38563528764997,5.2469035992626845,0.7922905280858907,2.401125375933771
131,Chester,PA,27.1,10.9,84.9,34.7,3,4.6,24732,Northeast,25.215464563916726,2.0085229386072116,1.5781251660485234,2.444234263913538
314,Fayette,PA,22.9,18,67.8,9.3,17.6,9.4,14051,Northeast,24.85019022916939,5.435119125427414,0.8531073057632902,2.813878129493433
345,Blair,PA,23.7,17,75,10.5,11,9,14779,Northeast,24.482542017128587,4.029354537237057,1.6316587764857289,5.009881877097026
342,Sussex,NJ,26.3,8.9,85.1,24.9,2.5,6.8,24405,Northeast,24.239554615366995,3.9788304834928176,1.0157091253446155,1.993233697104847
72,Norfolk,MA,28.8,14.1,88,34.4,3.1,7.5,26909,Northeast,24.071275647757542,0.6492589520635884,4.476640474478442,3.088849464442522
320,Middlese,CT,28.4,13.1,82.6,28.2,2.6,5.8,24132,Northeast,23.8065309086846,2.576887622559289,2.3743679991061204,1.6411072934998183
434,Wayne,OH,26.3,11.6,73.6,13.9,8.4,5.9,16464,North Central,23.427720996244865,5.470082100511527,0.8279043179152581,1.5276805866293455
366,Mercer,PA,24.5,17.2,75.1,13.6,10.1,7.2,15177,Northeast,22.949844218738377,5.553581316165715,1.2396386866441327,5.396560415857458
295,Butler,PA,27,13.5,78.6,15.6,7.1,6.8,17251,Northeast,22.498075822462553,5.190345562550571,0.8354548624130831,1.716958418030037
234,Washingt,PA,23.7,17.5,73.2,13.6,9.7,7,16625,Northeast,22.122942165565245,4.188988386188558,1.1535603957298712,3.3580338638407694
251,Beaver,PA,23.6,16.9,74.9,11.9,10.8,9.7,15162,Northeast,21.9675108682218,2.337540906965872,1.0586104797063833,3.3101728705539704
268,Litchfie,CT,25.4,14.1,80.9,25,2.4,7,25161,Northeast,20.638512970153712,5.284562185511109,1.5968568343174874,2.3608207154837673
134,Westmore,PA,23.3,17.1,77.7,15.4,8.6,6.9,17069,Northeast,20.10417988717896,2.762468237015994,1.4095878980668122,3.5266701051250133
219,Lackawan,PA,24.3,19.8,73.3,14.8,7.8,7.9,16963,Northeast,19.941654225959763,2.095517236656486,1.9585553257639048,5.186291025799058
281,Cambria,PA,23,18.7,71.2,10.8,11.2,9.2,14473,Northeast,19.54866925516319,4.220108078930743,1.8462972845321999,5.471419195357881
321,Portage,OH,33.6,9.4,79.3,17.6,7.6,6,16031,North Central,19.41999509064768,3.4505733422169236,0.7083494056177017,1.9988077287232175
410,Hunterdo,NJ,25.6,9.5,85.9,34.6,1.8,4.1,30255,Northeast,19.18794536817102,3.9897565320665085,1.7072446555819478,1.688687648456057
271,Jefferso,MO,28.5,8.3,71.6,9,6,8.7,15896,North Central,18.251838020772553,3.83358618275178,0.3559341813513829,1.3420469132920994
310,Hampshir,MA,38.2,11.6,83,31.9,5.7,7.7,17853,Northeast,17.377599476011135,3.6092462201844877,2.374324545603406,1.6101741171333444
406,Hamilton,IN,25.1,8.2,88.7,36.2,2.6,2.8,25681,North Central,15.596313431739736,3.6535213336270838,2.3591833737240213,1.1199236248806639
405,Monroe,IN,45.8,8.6,82.1,32.9,9.5,3.7,14266,North Central,15.20490374203968,3.6154086145827597,1.5783002073813064,2.615206738974839
151,Luzerne,PA,24.1,19.7,72,13.1,8.3,8.8,16405,Northeast,15.182127631045653,2.715229971750638,1.8101533145004252,4.5558572477746395
348,Tolland,CT,33.9,9,84.7,29.2,2.7,5.9,21944,Northeast,13.978352590152216,3.185727938834024,1.2742911755336095,1.344221788825088
292,Schuylki,PA,22.9,20,68.4,8.1,7.7,9.7,15853,Northeast,13.88734148179703,5.105351115771538,0.9633974506013041,4.155061113477734
432,Windham,CT,28.5,12.5,71.1,16.8,6,9.2,18070,Northeast,13.625944891489882,5.003657644476957,1.1997073884418434,2.4774445257254327
349,Licking,OH,26.2,11.8,76.4,13,8.3,6.3,16412,North Central,10.756040530007795,5.354637568199532,0.7872174590802806,1.496492595479345
56,Worceste,MA,29.2,13.7,77.4,22.2,6.3,10.2,19895,Northeast,10.002747620490204,2.1318716931682884,2.679986755060201,3.1069247081533877
371,Delaware,IN,32.9,12.7,74.5,16.5,10.3,6.1,15697,North Central,8.891934580767014,3.284332979550222,1.813486657919588,4.128398198213256
407,Columbia,OH,23.4,14.9,71.8,8.5,13,6.7,12597,North Central,8.293620008127379,4.922605194133511,0.7388525619712586,4.479293656950755
427,Fairfiel,OH,25.2,11.3,78.8,15.5,6.8,6.3,16342,North Central,6.0409236330598,4.890731773325214,0.8312310919090286,1.8847681735146578
362,Medina,OH,24.5,9.7,82.4,18,4.1,5.8,18892,North Central,4.601402487863086,3.44900861434853,1.021625774392337,1.8470994001013454
